<?xml version="1.0" encoding="UTF-8" standalone="yes"?>
<addon id="plugin.video.EatBulaga"
	name="Eat Bulaga HD"
	version="2.0"
	provider-name="don kulaspiro">
  <requires>
    <import addon="xbmc.python" version="2.1.0"/>
    <import addon="script.module.addon.common" version="2.0.0"/>
    <import addon="plugin.video.youtube" version="5.0.0"/>
  </requires>
  <extension point="xbmc.python.pluginsource" library="default.py">
    <provides>video</provides>
  </extension>
  <extension point="xbmc.addon.metadata">
    <summary lang="en">Freemium :P</summary>
	<description lang="en">Watch Eat Bulaga Sugod Bahay HD</description>
    <description lang="en">Watch Eat Bulaga Sugod Bahay HD</description>
    <platform>all</platform>
  </extension>
</addon>
